landmark_name,id,address,designation_year,start_built_year,recognize_time,architect,latitude,longitude,landmark_designation_date,location
Mathilde Eliel House,L- 89,4122 S Ellis Av,1991,1886,105,Adler & Sullivan,41.81925575100,-87.60278799920,1991-10-02,"{'latitude': '41.819255751', 'longitude': '-87.6027879992'}"
Manhattan Building,L-139,431 S Dearborn St,1978,1891,87,William LeBaron Jenney,41.87606572340,-87.62896445050,1978-07-07,"{'latitude': '41.8760657234', 'longitude': '-87.6289644505'}"
Machinery Hall at Illinois Institute of Technology,L- 12,100 W 33rd St,2004,1901,103,"Patton, Fisher & Miller",41.83516141220,-87.62922122350,2004-05-26,"{'latitude': '41.8351614122', 'longitude': '-87.6292212235'}"
Melissa Ann Elam House,L- 88,4726 S Dr Martin Luther King Jr Dr,1979,1903,76,Henry L. Newhouse,41.80852976900,-87.61720439490,1979-03-21,"{'latitude': '41.808529769', 'longitude': '-87.6172043949'}"
(Former) Pioneer Trust and Savings Bank Building,L-318,4000 W. North Ave.,2012,1924,88,Karl M. Vitzthum,41.91019210540,-87.72661734150,2012-06-06,"{'latitude': '41.9101921054', 'longitude': '-87.7266173415'}"
DuPont-Whitehouse House,L- 85,3558 S Artesian Av,1996,1876,120,Oscar Cobb & Co.,41.82858164890,-87.68659368180,1996-04-16,"{'latitude': '41.8285816489', 'longitude': '-87.6865936818'}"
Montgomery Ward & Co. Catalog House,L-149,618 W Chicago Av,2000,1907,93,"Richard E. Schmidt, Garden and Martin",41.89743686760,-87.64369541550,2000-05-17,"{'latitude': '41.8974368676', 'longitude': '-87.6436954155'}"
City Hall-County Building,L- 71,121 N LaSalle St / 118 N Clark St,1982,1905,77,Holabird and Roche,41.88384254250,-87.63165528140,1982-01-21,"{'latitude': '41.8838425425', 'longitude': '-87.6316552814'}"
(Former) Schlitz Brewery Tied-House@11400S.Front,L-309,11400 S. Front Ave.,2011,1906,105,Frommann and Jebsen,41.68712465240,-87.61238873510,2011-07-06,"{'latitude': '41.6871246524', 'longitude': '-87.6123887351'}"
Haskell-Barker-Atwater Buildings,L-109,18-28 S Wabash Av,1996,1875,121,Wheelock & Thomas and John M. Van Osdel,41.88136175490,-87.62665807950,1996-11-13,"{'latitude': '41.8813617549', 'longitude': '-87.6266580795'}"
Three Arts Club,L-239,1300 N Dearborn St,1981,1914,67,Holabird and Roche,41.90600701550,-87.63046790390,1981-06-10,"{'latitude': '41.9060070155', 'longitude': '-87.6304679039'}"
First Baptist Congregational Church,L- 93,60 N Ashland Av,1982,1869,113,Gurdon P. Randall,41.88299040110,-87.66728152940,1982-01-21,"{'latitude': '41.8829904011', 'longitude': '-87.6672815294'}"
Congress Theater,L- 75,2117-39 N Milwaukee Av / 2117-39 N Rockwell St,2002,1925,77,Fridstein & Co.,41.92031652930,-87.69221314400,2002-07-10,"{'latitude': '41.9203165293', 'longitude': '-87.692213144'}"
Jane Addams' Hull House and Dining Hall,L- 43,800 S Halsted St,1974,1856,118,"Unknown, Dining Hall 1905: Pond & Pond",41.87150889200,-87.64835751570,1974-06-12,"{'latitude': '41.871508892', 'longitude': '-87.6483575157'}"
Palliser's Cottage Home No. 35,L- 41,2314 W 111th Pl,2000,1882,118,"Palliser, Palliser & Co.",41.69109191660,-87.67939883460,2000-02-16,"{'latitude': '41.6910919166', 'longitude': '-87.6793988346'}"
Steuben Club Building,L-218,188 W Randolph St,2006,1929,77,Karl M. Vitzhum & Co.,41.88482916100,-87.63360295490,2006-07-26,"{'latitude': '41.884829161', 'longitude': '-87.6336029549'}"
Hotel St. Benedict Flats,L-115,40-52 E Chicago Av,1996,1882,114,James J. Egan,41.89698040730,-87.62644177130,1996-03-26,"{'latitude': '41.8969804073', 'longitude': '-87.6264417713'}"
Cortland Street Drawbridge,L- 76,1440 W Cortland St,1991,1902,89,John Ernst Ericson. Bridgehse reconst. 1982,41.91691726500,-87.66431155340,1991-07-24,"{'latitude': '41.916917265', 'longitude': '-87.6643115534'}"
August Dewes House,L- 81,509 W Wrightwood Av,2005,1894,111,Adolph Cudell & Arthur Hercz,41.93027815380,-87.64176888950,2005-03-09,"{'latitude': '41.9302781538', 'longitude': '-87.6417688895'}"
New York Life Building,L-217,37-43 S LaSalle St,2006,1893,113,1898 add:Jenney & Mundie 1903 add:Arch Unknown,41.88088658290,-87.63174751080,2006-07-26,"{'latitude': '41.8808865829', 'longitude': '-87.6317475108'}"
"Tree Studios, Annexes and Courtyard",L-196,601-23 N State St/4-10 E Ohio St/3-7 E Ontario St,1997,1894,103,"Parfitt Brothers, with Bauer & Hill",41.89287852610,-87.62773714670,1997-02-26,"{'latitude': '41.8928785261', 'longitude': '-87.6277371467'}"
Gwendolyn Brooks House,L-289,7428 S. Evans Ave,2010,1890,120,Unknown,41.75950343730,-87.60700119980,2010-02-10,"{'latitude': '41.7595034373', 'longitude': '-87.6070011998'}"
Spiegel Administration Building,L-302,1038 W. 35th Street,2011,1936,75,"Battey & Kipp (1936), A. Epstein (1941-1942)",41.83093188300,-87.65200153930,2011-05-04,"{'latitude': '41.830931883', 'longitude': '-87.6520015393'}"
Union Park Hotel,L-293,1519 West Warren Blvd,2010,1930,80,Banjamin Albert Comm,41.88212992110,-87.66615383740,2010-06-09,"{'latitude': '41.8821299211', 'longitude': '-87.6661538374'}"
Reebie Storage Warehouse,L-173,2325-33 N Clark St,1999,1921,78,George Kingsley,41.92471947570,-87.63944577020,1999-09-01,"{'latitude': '41.9247194757', 'longitude': '-87.6394457702'}"
Essanay Studios,L- 90,1333-35 W Argle St,1996,1908,88,Various Architects,41.97214864810,-87.66333535030,1996-03-26,"{'latitude': '41.9721486481', 'longitude': '-87.6633353503'}"
Calumet Park Fieldhouse,L- 33,9801 S Avenue G,2006,1922,84,South Park Commission Architects,41.71773728960,-87.53057838230,2006-10-04,"{'latitude': '41.7177372896', 'longitude': '-87.5305783823'}"
Frederick C. Robie House,L-176,5757 S Woodlawn Av,1971,1909,62,Frank Lloyd Wright,41.78992032480,-87.59597027940,1971-09-15,"{'latitude': '41.7899203248', 'longitude': '-87.5959702794'}"
333 North Michigan Building,L-197,333 N Michigan Av,1997,1928,69,Holabird & Roche/Holabird & Root,41.88780778230,-87.62420053820,1997-02-07,"{'latitude': '41.8878077823', 'longitude': '-87.6242005382'}"
"Sears, Roebuck and Company Administration Building",L-181,3333 W Arthington St,2002,1905,97,Nimmons & Fellows and George C. Nimmons & Co.,41.86968208660,-87.70963237400,2002-09-04,"{'latitude': '41.8696820866', 'longitude': '-87.709632374'}"
Myron Bachman House,L- 52,1244 W Carmen av,1992,1948,44,Bruce Goff,41.97488820460,-87.66168184460,1992-12-09,"{'latitude': '41.9748882046', 'longitude': '-87.6616818446'}"
Chicago Varnish Company Building,L- 70,33 W Kinzie St,2001,1895,106,Henry Ives Cobb,41.88899569490,-87.62934802120,2001-07-25,"{'latitude': '41.8889956949', 'longitude': '-87.6293480212'}"
"(Former) Engine Company 104, Truck 3",L-230,1401 S Michigan Av,2003,1905,98,Charles F. Hermann,41.86395764060,-87.62361007470,2003-10-01,"{'latitude': '41.8639576406', 'longitude': '-87.6236100747'}"
James A. Sexton School,L-183,160 W Wendell St,1978,1882,96,Architect Unknown,41.90156831280,-87.63384356660,1978-05-07,"{'latitude': '41.9015683128', 'longitude': '-87.6338435666'}"
Tribune Tower,L-198,435 N Michigan Av,1989,1922,67,Raymond M. Hood and John Mead Howells,41.89046021810,-87.62326506790,1989-02-01,"{'latitude': '41.8904602181', 'longitude': '-87.6232650679'}"
John J. Glessner House,L-104,1800 S Prairie Av,1970,1886,84,Henry Hobson Richardson,41.85772464120,-87.62121065590,1970-10-14,"{'latitude': '41.8577246412', 'longitude': '-87.6212106559'}"
McCormick Double House,L-143,660 N Rush St,2005,1875,130,Frederick & Edward Baumann,41.89427875560,-87.62572114350,2005-10-06,"{'latitude': '41.8942787556', 'longitude': '-87.6257211435'}"
Richard Wright House,L-290,4831 S Vincennes Avenue,2010,1893,117,Unknown,41.80666962540,-87.61349705950,2010-02-10,"{'latitude': '41.8066696254', 'longitude': '-87.6134970595'}"
Rosehill Cemetery Entrance,L- 21,5800 N Ravenswood Av,1980,1864,116,William W. Boyington,41.98659406260,-87.67524667590,1980-10-16,"{'latitude': '41.9865940626', 'longitude': '-87.6752466759'}"
(Former) Mid-City Trust and Savings Bank Buildings,L-317,2 S. Halsted Street,2012,1911,101,Horatio R. Wilson(Original Building),41.88148442240,-87.64769505050,2012-04-24,"{'latitude': '41.8814844224', 'longitude': '-87.6476950505'}"
Union Station,L-200,210 S Canal St,2002,1913,89,"Graham, Anderson, Probst & White",41.87866990260,-87.64035673350,2002-05-01,"{'latitude': '41.8786699026', 'longitude': '-87.6403567335'}"
Alfred Caldwell Lily Pool,L- 60,North end of Lincoln Park Zoo at Fullerton Parkway,2002,1936,66,Landscape Architect: Alfred Caldwell,41.92499922610,-87.63396224710,2002-11-06,"{'latitude': '41.9249992261', 'longitude': '-87.6339622471'}"
35 East Wacker Building,L-195,35 E Wacker Dr,1994,1925,69,Joachim G. Giaver & Frederick P. Dinkelberg,41.88651836450,-87.62678476580,1994-02-09,"{'latitude': '41.8865183645', 'longitude': '-87.6267847658'}"
Chicago Public Library/Cultural Center,L- 68,78 E Washington St,1976,1897,79,"Shepley, Rutan and Coolidge",41.88386466210,-87.62499586560,1976-11-05,"{'latitude': '41.8838646621', 'longitude': '-87.6249958656'}"
(Former) Engine Company 86,L-229,2414 W Cuyler Av,2003,1899,104,Board of Public Works,41.95519143910,-87.68922823730,2003-10-01,"{'latitude': '41.9551914391', 'longitude': '-87.6892282373'}"
Elks National Memorial Headquarters Building,L- 01,2750 N Lakeview Ave,2003,1924,79,Egerton Swartwout,41.93228562150,-87.63989764860,2003-10-01,"{'latitude': '41.9322856215', 'longitude': '-87.6398976486'}"
Florsheim Shoe Company Building,L- 32,3963 W Belmont Av,2006,1924,82,Alfred S. Alschuler,41.93861000740,-87.72659889840,2006-03-29,"{'latitude': '41.9386100074', 'longitude': '-87.7265988984'}"
S. Pond Refectory/Men's & Ladies Comfort Station,L-189,2019 N Stockton Dr,2003,1908,95,S Pond:Perkins&Hamilton Comfort:Joseph L Silsbee,41.91910519520,-87.63401010490,2003-02-05,"{'latitude': '41.9191051952', 'longitude': '-87.6340101049'}"
"Reid, Murdoch and Company Building",L-174,320 N Clark St,1976,1914,62,George C. Nimmons,41.88812723870,-87.63183147210,1976-11-15,"{'latitude': '41.8881272387', 'longitude': '-87.6318314721'}"
Washington Block,L-207,40 N Wells St,1997,1873,124,Frederick & Edward Baumann,41.88295583430,-87.63407765680,1997-01-14,"{'latitude': '41.8829558343', 'longitude': '-87.6340776568'}"
Marshall Field and Company Building,L-141,111 N State St,2005,1892,113,Daniel H. Burham & Charles Atwood,41.88385680190,-87.62703773950,2005-11-01,"{'latitude': '41.8838568019', 'longitude': '-87.6270377395'}"
Monadnock Block,L-148,53 W Jackson Blvd,1973,1889,84,N1/2: Burham & Root; S1/2: Holabird & Roche,41.87753144730,-87.62954580840,1973-11-14,"{'latitude': '41.8775314473', 'longitude': '-87.6295458084'}"
Sydney A. Kent House,L-128,2944 S Michigan Av,1987,1883,104,Burnham and Root,41.84067685510,-87.62400070560,1987-03-18,"{'latitude': '41.8406768551', 'longitude': '-87.6240007056'}"
(Former) Engine Company 27,L-227,1244 N Wells St,2003,1874,129,1907 (add.) Board of Public Works,41.90516101510,-87.63484793500,2003-10-01,"{'latitude': '41.9051610151', 'longitude': '-87.634847935'}"
Medinah Temple,L-145,600 N Wabash Av,2001,1912,89,Huehl & Schmid,41.89288778220,-87.62714151420,2001-06-27,"{'latitude': '41.8928877822', 'longitude': '-87.6271415142'}"
South Shore Cultural Center,L- 11,7059 South Shore Dr,2004,1906,98,Marshall & Fox,41.76760866280,-87.56441514230,2004-05-26,"{'latitude': '41.7676086628', 'longitude': '-87.5644151423'}"
Old Colony Building,L-155,407 S Dearborn St,1978,1894,84,Holabird & Roche,41.87660759400,-87.62897733410,1978-07-07,"{'latitude': '41.876607594', 'longitude': '-87.6289773341'}"
Lion House - Lincoln Park Zoo,L- 15,2132 N Stockton Dr,2005,1912,93,"Perkins, Fellows & Hamilton",41.92133817000,-87.63333598130,2005-11-30,"{'latitude': '41.92133817', 'longitude': '-87.6333359813'}"
Statue of the Republic,L-191,Jackson Park at Hayes & Richards Drs,2003,1918,85,"Daniel Chester French,sculptor&Henry Bacon,arch",41.77959612600,-87.57988165090,2003-06-04,"{'latitude': '41.779596126', 'longitude': '-87.5798816509'}"
Crown Hall,L- 29,3360 S State St,1997,1950,47,Ludwig Mies van der Rohe,41.83324516770,-87.62728520130,1997-10-01,"{'latitude': '41.8332451677', 'longitude': '-87.6272852013'}"
Inland Steel Building,L-121,30 W Monore St,1998,1957,41,"Skidmore, Owings & Merrill",41.88107331660,-87.62900319140,1998-10-07,"{'latitude': '41.8810733166', 'longitude': '-87.6290031914'}"
Riviera Motor Sales Company Building,L-319,5948-60 N. Braodway,2012,1925,87,R. Bernard Kurzon,41.99064508690,-87.66070277950,2012-06-06,"{'latitude': '41.9906450869', 'longitude': '-87.6607027795'}"
Schlecht House,L-226,5804 W Race Av,1999,1887,112,Frederick Schock,41.89038608750,-87.77039879610,1999-01-20,"{'latitude': '41.8903860875', 'longitude': '-87.7703987961'}"
Ebenezer Missionary Baptist Church Building,L-313,4501 S. Vincennes Ave,2011,1898,113,Dankmar Adler,41.81283644920,-87.61357453540,2011-07-28,"{'latitude': '41.8128364492', 'longitude': '-87.6135745354'}"
Keck-Gottschalk-Keck Apartments,L-126,5551 S University Av,1994,1937,57,George and William Keck,41.79355086100,-87.59770366170,1994-08-03,"{'latitude': '41.793550861', 'longitude': '-87.5977036617'}"
6901 Oglesby Cooperative Apartment Building,L-266,6901 S Oglesby Av,2008,1928,80,Paul Frederick Olsen,41.76959910740,-87.56778515570,2008-09-10,"{'latitude': '41.7695991074', 'longitude': '-87.5677851557'}"
(Former) Schlitz Brewery Stable Building,L-308,11314 S. Front Ave.,2011,1906,105,Frommann and Jebsen,41.68855888130,-87.61215286680,2011-07-06,"{'latitude': '41.6885588813', 'longitude': '-87.6121528668'}"
860-880 Lake Shore Drive,L- 86,860-880 N Lake Shore Dr,1996,1949,47,Ludwig Mies van der Rohe,41.89884251220,-87.61885733230,1996-06-10,"{'latitude': '41.8988425122', 'longitude': '-87.6188573323'}"
F. R. Schock House,L-223,5804 W Midway Park,1999,1886,113,Frederick Schock,41.88932169350,-87.77022252260,1999-01-20,"{'latitude': '41.8893216935', 'longitude': '-87.7702225226'}"
John Raber House,L-170,5760 S LaFayette Av,1996,1870,126,"Major Alterations, 1894;Thomas Wing",41.78921937330,-87.62695293640,1996-04-16,"{'latitude': '41.7892193733', 'longitude': '-87.6269529364'}"
Bryn Mawr Apartment Hotel,L- 57,5550 N Kenmore Av,2002,1927,75,Alexander L. Levy & William J. Klein,41.98331134330,-87.65700295580,2002-11-06,"{'latitude': '41.9833113433', 'longitude': '-87.6570029558'}"
Edwin Colvin House,L- 73,5940 N Sheridan Rd,1994,1909,85,George W. Maher,41.99033609720,-87.65581666270,1994-10-05,"{'latitude': '41.9903360972', 'longitude': '-87.6558166627'}"
Northwestern University Settlement House,L-154,1400 W Augusta Blvd,1993,1901,92,Pond & Pond,41.90004272660,-87.66287409780,1993-12-01,"{'latitude': '41.9000427266', 'longitude': '-87.6628740978'}"
Civic Opera Building,L- 72,20 N Wacker Dr,1998,1927,71,"Graham, Anderson, Probst & White",41.88253374880,-87.63751300360,1998-02-05,"{'latitude': '41.8825337488', 'longitude': '-87.6375130036'}"
"Engine Company 84, Truck 51",L-238,6204 S Green St,2003,1929,74,"Paul Gerhardt, Jr.",41.78126631130,-87.64639699770,2003-10-01,"{'latitude': '41.7812663113', 'longitude': '-87.6463969977'}"
Majestic Building and Theater,L-138,22 W Monore St,2005,1906,99,Edmund R. Krause,41.88107855570,-87.62857775690,2005-05-11,"{'latitude': '41.8810785557', 'longitude': '-87.6285777569'}"
(Former) Schlitz Brewery-Tied House@1801W.Division,L-303,1801 W. Division St.,2011,1900,111,Fritz Lang,41.90301324430,-87.67254144770,2011-05-04,"{'latitude': '41.9030132443', 'longitude': '-87.6725414477'}"
"Engine Company 5, Truck 2",L-234,324 S DesPlaines Av,2003,1928,75,Alfred S. Alschulter,41.87718066000,-87.64430863970,2003-10-01,"{'latitude': '41.87718066', 'longitude': '-87.6443086397'}"
John Wingert House,L-212,6231 N Canfield Av,1990,1854,136,Add. c. 1868-75 Architect Unknown,41.99430884930,-87.82160659070,1990-07-31,"{'latitude': '41.9943088493', 'longitude': '-87.8216065907'}"
Richard Nickel Studio,L-294,"1810 West Cortland St,",2010,1889,121,Unknown,41.91627982100,-87.67324117700,2010-06-09,"{'latitude': '41.916279821', 'longitude': '-87.673241177'}"
Germania Club Building,L-298,108 W. Germania Place / 1538-1542 N. Clark St.,2011,1889,122,Addison  and Fiedler,41.91061324280,-87.63207758150,2011-01-13,"{'latitude': '41.9106132428', 'longitude': '-87.6320775815'}"
Laramie State Bank Building,L-132,5200 W Chicago Av,1995,1927,68,Meyer & Cook with Northwestern Terra Cotta Co.,41.89520775960,-87.75583758280,1995-06-14,"{'latitude': '41.8952077596', 'longitude': '-87.7558375828'}"
Ida B. Wells-Barnett House,L-208,3624 S Dr Martin Luther King Jr Dr,1995,1889,106,Joseph A. Thain,41.82859198990,-87.61773208860,1995-10-02,"{'latitude': '41.8285919899', 'longitude': '-87.6177320886'}"
Clarence Buckingham Memorial Fountain and Garden,L- 58,Grant Park at Congress Drive,2000,1927,73,"Bennett, Parsons & Frost with Jacques Lambert",41.87579719040,-87.61898792760,2000-08-30,"{'latitude': '41.8757971904', 'longitude': '-87.6189879276'}"
Farwell Building,L- 07,664 N Michigan Ave,2004,1927,77,Philip B. Maher,41.89431494170,-87.62462078210,2004-03-10,"{'latitude': '41.8943149417', 'longitude': '-87.6246207821'}"
Krause Music Store,L-130,4611 N Lincoln Av,1977,1922,55,William Presto ans Louis H. Sullivan,41.96533612900,-87.68601081770,1977-09-28,"{'latitude': '41.965336129', 'longitude': '-87.6860108177'}"
Biograph Theater,L- 53,2433-43 N Lincoln Av,2001,1914,87,Samuel N. Corwen,41.92652071040,-87.64975918000,2001-03-28,"{'latitude': '41.9265207104', 'longitude': '-87.64975918'}"
Illinois-Indiana State Line Boundary Marker,L-118,"Avenue G, near 103rd St",2002,1838,164,Office of the United States Surveyor-General,41.70886467060,-87.52622268910,2002-09-04,"{'latitude': '41.7088646706', 'longitude': '-87.5262226891'}"
Charles Hitchcock House,L-113,5704 W Ohio St,1992,1871,121,Architect Unknown,41.89132139620,-87.76808379650,1992-07-07,"{'latitude': '41.8913213962', 'longitude': '-87.7680837965'}"
K.A.M. Isaiah Israel Temple,L-124,1100 E Hyde Park Blvd,1977,1924,53,Alfred S. Alschuler,41.80282582950,-87.59861639470,1977-06-09,"{'latitude': '41.8028258295', 'longitude': '-87.5986163947'}"
John Rath House,L-172,2703 W Logan Blvd,1993,1907,86,George W. Maher,41.92789833220,-87.69530973470,1993-12-01,"{'latitude': '41.9278983322', 'longitude': '-87.6953097347'}"
Bush Temple of Music,L- 59,100 W Chicago Av,2001,1901,100,J.E.O. Pridmore,41.89690293180,-87.63166847010,2001-06-27,"{'latitude': '41.8969029318', 'longitude': '-87.6316684701'}"
Humboldt Park Boathouse Pavilion,L-116,1301 N Humboldt Blvd,1996,1907,89,"Richard E. Schmidt,Garden & Martin w/ Jens Jenson",41.90562148020,-87.70080444180,1996-11-13,"{'latitude': '41.9056214802', 'longitude': '-87.7008044418'}"
Brewster Apartments,L- 54,2800 N Pine Grove Av,1982,1893,89,Enoch Hill Turnock,41.93316396180,-87.64158297660,1982-10-06,"{'latitude': '41.9331639618', 'longitude': '-87.6415829766'}"
James Ward Public School,L-205,2703 S Shields Av,2005,1874,131,Johnson & Edelmann Add:1897;N. S. Patton,41.84319608650,-87.63509231150,2005-09-14,"{'latitude': '41.8431960865', 'longitude': '-87.6350923115'}"
American System-Built Houses,L- 47,10410 S Hoyne Av,1994,1917,77,Frank Lloyd Wright,41.70419674610,-87.67464798920,1994-07-13,"{'latitude': '41.7041967461', 'longitude': '-87.6746479892'}"
Goldblatt Bros. Department Store,L-105,1613-1635 W Chicago av,1998,1921,77,Alfred S. Alshuler,41.89577179290,-87.66827312460,1998-04-01,"{'latitude': '41.8957717929', 'longitude': '-87.6682731246'}"
Stephen Foster House and Stable,L- 97,12147 S Harvard Av,1996,1900,96,Frank Lloyd Wright,41.67280322280,-87.63057375030,1996-05-09,"{'latitude': '41.6728032228', 'longitude': '-87.6305737503'}"
Woman's Athletic Club,L-213,626 N Michigan av,1991,1928,63,Philip B. Maher,41.89358116290,-87.62460102230,1991-10-02,"{'latitude': '41.8935811629', 'longitude': '-87.6246010223'}"
Chicago Board of Trade Building,L- 14,141 W Jackson Blvd,1977,1930,47,Holabird & Root,41.87773513180,-87.63227114930,1977-05-04,"{'latitude': '41.8777351318', 'longitude': '-87.6322711493'}"
Pittsfield Building,L-167,55 E Washington st,2002,1927,75,"Graham, Anderson, Probst & White",41.88294695180,-87.62571628700,2002-11-06,"{'latitude': '41.8829469518', 'longitude': '-87.625716287'}"
Mundelein College Skyscraper Building,L- 36,1020 W Sheridan Rd,2006,1930,76,Joseph W McCarthy,41.99867594100,-87.65655162290,2006-12-13,"{'latitude': '41.998675941', 'longitude': '-87.6565516229'}"
Marie Schock House,L-225,5749 W Race Av,1999,1888,111,Frederick Schock,41.88975860900,-87.76971675650,1999-01-20,"{'latitude': '41.889758609', 'longitude': '-87.7697167565'}"
Wood-Maxey-Boyd House,L-214,2801 S Prarie Av,2003,1885,118,John C. Cochrane,41.84329029790,-87.61997675900,2003-10-01,"{'latitude': '41.8432902979', 'longitude': '-87.619976759'}"
Peoples Gas-Irving Park Neighborhood Store,L-163,4829 W Irving Park Rd,1987,1926,61,George Grant Elmslie & Herman V. von Holst,41.95309429430,-87.74890383990,1987-03-18,"{'latitude': '41.9530942943', 'longitude': '-87.7489038399'}"
Francis J. Dewes House,L- 82,503 W Wrightwood Av,1974,1896,78,Adolph Cudell & Arthur Hercz,41.93034076610,-87.64157422790,1974-06-12,"{'latitude': '41.9303407661', 'longitude': '-87.6415742279'}"
Dearborn Street Station,L- 79,47 W Polk St,1982,1885,97,Cyrus L. W. Eidlitz,41.87174054870,-87.62910492520,1982-03-02,"{'latitude': '41.8717405487', 'longitude': '-87.6291049252'}"
Wrigley Building,L-320,400-410 North Michigan Avenue,2012,1921,91,"Graham, Anderson, Probst and White",41.88972563150,-87.62485292230,2012-05-09,"{'latitude': '41.8897256315', 'longitude': '-87.6248529223'}"
St. Gelasius Church Building,L- 02,6401-09 S Woodlawn Ave,2004,1923,81,Henry J. Schlacks,41.77835167940,-87.59576093480,2004-01-14,"{'latitude': '41.7783516794', 'longitude': '-87.5957609348'}"
White Castle # 16,L-312,43 East Cermak Road,2011,1930,81,Lewis E. Russell,41.85263792170,-87.62532982270,2011-10-05,"{'latitude': '41.8526379217', 'longitude': '-87.6253298227'}"
Old Republic Building,L-299,307 N. Michigan Ave,2010,1924,86,K. M. Vitzthum and Company,41.88708645200,-87.62418141060,2010-12-08,"{'latitude': '41.887086452', 'longitude': '-87.6241814106'}"
Trustees System Service Building,L- 03,201 N Wells St,2004,1929,75,"Thielbard & Fugard w/ Eugene&Gwen Lux,Edgar Miller",41.88604618850,-87.63363399310,2004-01-14,"{'latitude': '41.8860461885', 'longitude': '-87.6336339931'}"
Wrigley Field,L- 04,1060 W Addison St,2004,1914,90,Zachary T. & Charles G. Davis,41.94814483180,-87.65554258670,2004-02-11,"{'latitude': '41.9481448318', 'longitude': '-87.6555425867'}"
"(Former) Engine Company 35, Truck 28",L-228,1625 N Damen Av,2003,1894,109,"Board of Public Works, add: W. C. Zimmerman",41.91123781210,-87.67714160780,2003-10-01,"{'latitude': '41.9112378121', 'longitude': '-87.6771416078'}"
Allerton Hotel,L- 45,701 N Michigan Av,1998,1922,76,Murgatroyd & Ogden with Fugard & Knapp,41.89520097580,-87.62371375550,1998-04-29,"{'latitude': '41.8952009758', 'longitude': '-87.6237137555'}"
Robert W. Roloson Houses,L-177,3213-19 S Calumet Av,1979,1894,85,Frank Lloyd Wright,41.83605095410,-87.61786831300,1979-12-27,"{'latitude': '41.8360509541', 'longitude': '-87.617868313'}"
"Engine Company 65, Truck 52",L-237,3000 W. 42nd St,2003,1929,74,"Paul Gerhardt, Jr.",41.80373385920,-87.73535704250,2003-10-01,"{'latitude': '41.8037338592', 'longitude': '-87.7353570425'}"
Chicago Building,L- 67,7 W Madison St,1996,1905,91,Holabird & Roche,41.88184956200,-87.62817296880,1996-03-26,"{'latitude': '41.881849562', 'longitude': '-87.6281729688'}"
American System-Built Houses,L- 48,10541 S Hoyne Av,1994,1917,77,Frank Lloyd Wright,41.70159220360,-87.67382635530,1994-07-13,"{'latitude': '41.7015922036', 'longitude': '-87.6738263553'}"
Blackstone Library,L-297,4904 S. Lake Park Ave,2011,1904,107,Solon Spencer Beman,41.80582879100,-87.59030595380,2011-01-13,"{'latitude': '41.805828791', 'longitude': '-87.5903059538'}"
Metropolitan Missionary Baptist Church,L-146,2151 W Washington Blvd,1989,1901,88,Hugh M.G. Garden,41.88280034210,-87.68124235550,1989-02-16,"{'latitude': '41.8828003421', 'longitude': '-87.6812423555'}"
Noble-Seymour-Crippen House,L-153,5624 N Newark Av,1988,1833,155,"addit 1863, Architects Unknown",41.98361513490,-87.79584730920,1988-05-11,"{'latitude': '41.9836151349', 'longitude': '-87.7958473092'}"
Roberts Temple Church of God in Christ Building,L- 30,4021 S State St,2006,1922,84,"Edward G. McClellan add:1927,unknown,remod:1992-93",41.82120992710,-87.62591133310,2006-03-29,"{'latitude': '41.8212099271', 'longitude': '-87.6259113331'}"
Soldiers' Home,L- 26,739 E 35th St,1996,1864,132,William W. Boyington (1866 sect),41.83075107490,-87.60747386850,1996-04-16,"{'latitude': '41.8307510749', 'longitude': '-87.6074738685'}"
Michigan Avenue Bridge and Wacker Dr Esplanade,L-220,"S Side of Chicago River, bet Michigan and Wabash",1991,1920,71,Bridge & Bridge Hses:1920:E. Bennett,41.88856216360,-87.62481604340,1991-10-02,"{'latitude': '41.8885621636', 'longitude': '-87.6248160434'}"
Madonna Della Strada Chapel,L-137,6453 N. Kenmore Avenue,2004,1938,66,Andrew N. Rebori,41.99955863690,-87.65624719980,2004-09-02,"{'latitude': '41.9995586369', 'longitude': '-87.6562471998'}"
Griffiths-Burroughs House,L-292,3806 S. Michigan Avenue,2010,1892,118,Solon S. Beman,41.82526646790,-87.62366523590,2010-02-10,"{'latitude': '41.8252664679', 'longitude': '-87.6236652359'}"
Assumption School,L- 49,319 W Erie St,2003,1899,104,Frederick R. Foltz,41.89371730110,-87.63651848410,2003-07-09,"{'latitude': '41.8937173011', 'longitude': '-87.6365184841'}"
Main Building at Illinois Institute of Technology,L- 13,3320 S Federal St,2004,1891,113,Patton & Fisher,41.83368050260,-87.62922306410,2004-05-26,"{'latitude': '41.8336805026', 'longitude': '-87.6292230641'}"
Whistle Stop Inn,L-211,4200 W Irving Park Rd,1990,1889,101,Architect Unknown,41.95381757200,-87.73267629840,1990-12-05,"{'latitude': '41.953817572', 'longitude': '-87.7326762984'}"
Shedd Park Fieldhouse,L- 05,3600 W 23rd St,2004,1916,88,William Drummond,41.85016619000,-87.71706068220,2004-02-11,"{'latitude': '41.85016619', 'longitude': '-87.7170606822'}"
Brooks Building,L- 56,233 W Jackson Blvd,1997,1910,87,Holabird & Roche,41.87787644450,-87.63477822100,1997-01-14,"{'latitude': '41.8778764445', 'longitude': '-87.634778221'}"
Immaculata High School & Convent Buildings,L- 20,640 W Irving Park Rd & 4030 N Marine Dr,1983,1922,61,Barry Byrne,41.95512133810,-87.64629160200,1983-07-27,"{'latitude': '41.9551213381', 'longitude': '-87.646291602'}"
Chicago Theater,L- 69,175 N State St,1983,1921,62,Rapp and Rapp,41.88538850670,-87.62722322320,1983-01-28,"{'latitude': '41.8853885067', 'longitude': '-87.6272232232'}"
Auditorium Building,L- 50,430 S Michigan Av,1976,1886,90,Adler & Sullivan,41.87603942150,-87.62516000820,1976-09-15,"{'latitude': '41.8760394215', 'longitude': '-87.6251600082'}"
227 East Walton Place Apartment Building,L-314,227 East Walton Place,2012,1956,56,Harry Weese,41.89981429350,-87.62077823080,2012-05-09,"{'latitude': '41.8998142935', 'longitude': '-87.6207782308'}"
New Regal Theater,L-151,1641 E 79th st,1992,1927,65,John Eberson,41.75124737960,-87.58350969550,1992-06-17,"{'latitude': '41.7512473796', 'longitude': '-87.5835096955'}"
Engine Company 78,L-231,1052 W Waveland Av,2003,1915,88,Charles W. Kallal,41.94930082070,-87.65656808610,2003-10-01,"{'latitude': '41.9493008207', 'longitude': '-87.6565680861'}"
King-Nash House,L-129,3234 W Washington Blvd,1988,1901,87,George W. Maher,41.88305493800,-87.70759499120,1988-02-10,"{'latitude': '41.883054938', 'longitude': '-87.7075949912'}"
Stephen Race House,L-171,3945 N Tripp Av,1988,1874,114,Architect Unknown,41.95310185690,-87.73367074510,1988-09-22,"{'latitude': '41.9531018569', 'longitude': '-87.7336707451'}"
Pate-Comiskey House,L-162,5131 S Michigan Av,2003,1901,102,George Maher,41.80101655320,-87.62214969250,2003-10-01,"{'latitude': '41.8010165532', 'longitude': '-87.6221496925'}"
Heald Square Monument,L-206,Wacker Dr at Wabash Av,1971,1936,35,"Lorado Taft & Leonrd Crunelle, Sculptors",41.88700527990,-87.62692806770,1971-09-15,"{'latitude': '41.8870052799', 'longitude': '-87.6269280677'}"
Kaufmann Store and Flats,L-125,2312-14 N Lincoln Av (S Half:1883;North Half:1887),1996,1883,113,Adler & Sullivan,41.92386742910,-87.64707107280,1996-04-16,"{'latitude': '41.9238674291', 'longitude': '-87.6470710728'}"
Yale Apartments,L-215,6565 S Yale Av,2003,1892,111,John T. Long,41.77470410620,-87.63129622300,2003-04-09,"{'latitude': '41.7747041062', 'longitude': '-87.631296223'}"
Carl Schurz High School,L-180,3601 N Milwaukee Av,1979,1910,69,Dwight H. Perkins,41.94727029510,-87.73563930750,1979-12-07,"{'latitude': '41.9472702951', 'longitude': '-87.7356393075'}"
Gage Group,L- 98,"18,24, and 30 S Michigan Av",1996,1899,97,"Louis H. Sullivan (18),Holabird & Roche (25 & 30)",41.88132378990,-87.62498014920,1996-09-11,"{'latitude': '41.8813237899', 'longitude': '-87.6249801492'}"
Jewish People's Institute,L- 23,3500 W Douglas Blvd,2000,1927,73,Klaber & Grunfeld,41.86325562600,-87.71337291640,2000-06-28,"{'latitude': '41.863255626', 'longitude': '-87.7133729164'}"
McGraw-Hill Building,L-144,520 N Michigan Av,1997,1928,69,Thielbar & Fugard,41.89141092200,-87.62489268560,1997-02-07,"{'latitude': '41.891410922', 'longitude': '-87.6248926856'}"
Samuel M. Nickerson House,L-152,40 E Erie St,1977,1883,94,Burling & Whitehouse,41.89435057960,-87.62653378730,1977-09-28,"{'latitude': '41.8943505796', 'longitude': '-87.6265337873'}"
Third Unitarian Church Building,L-259,301 N Mayfield Av,2008,1936,72,"Paul Schweikher, addit in 1956:William Fyfe",41.88587724480,-87.77151773360,2008-02-06,"{'latitude': '41.8858772448', 'longitude': '-87.7715177336'}"
"Garfield Boulevard ""L"" Station and Overpass",L- 99,319 E Garfield Blvd,2001,1892,109,Myron Church,41.79373533440,-87.61830364720,2001-12-12,"{'latitude': '41.7937353344', 'longitude': '-87.6183036472'}"
(Former) Schlitz BreweryTied-House@958W.69th St.,L-304,958 W. 69th St.,2011,1898,113,Unknown,41.76900628700,-87.64920136320,2011-07-06,"{'latitude': '41.769006287', 'longitude': '-87.6492013632'}"
Leiter II Building,L- 25,403 S State St,1997,1891,106,William LeBaron Jenney,41.87633704030,-87.62718672480,1997-01-14,"{'latitude': '41.8763370403', 'longitude': '-87.6271867248'}"
Chapin and Gore Building,L- 64,63 E Adams,1982,1904,78,Richard E. Schmidt and Hugh M.G. Garden,41.87932731970,-87.62561478180,1982-01-21,"{'latitude': '41.8793273197', 'longitude': '-87.6256147818'}"
Carson Pirie Scott & Company Building,L- 63,1 S State St,1970,1898,72,"Louis H. Sullivan, 1905-6:D.H. Burnham&Co.",41.88140587570,-87.62698011140,1970-11-05,"{'latitude': '41.8814058757', 'longitude': '-87.6269801114'}"
Albert F. Madlener House,L-136,4 W Burton Pl,1973,1902,71,Richard E. Schmidt & Hugh M.G. Garden,41.90964859710,-87.62922179490,1973-03-22,"{'latitude': '41.9096485971', 'longitude': '-87.6292217949'}"
Chicago & Western Indiana  Railroad Bridge,L-243,"Calumet River, 126th St, W of Torrence Av",2007,1967,40,James Peterson,41.66934061360,-87.55896434700,2007-12-12,"{'latitude': '41.6693406136', 'longitude': '-87.558964347'}"
Belle Shore Apartment Hotel,L- 55,1062 W Bryn Mawr Av,2002,1928,74,Nathaniel Koenigsberg & Leon Weisfeld,41.98385068590,-87.65762446920,2002-11-06,"{'latitude': '41.9838506859', 'longitude': '-87.6576244692'}"
Site of the Origin of the Chicago Fire of 1871,L-187,Dekoven (1050s) & Jefferson (600w) St,1971,1871,100,"comm sculpture,""Pillar of Fire"" Egon Weiner 1961",41.86927206280,-87.64199071620,1971-09-15,"{'latitude': '41.8692720628', 'longitude': '-87.6419907162'}"
Emil Bach House,L- 51,7415 N Sheridan Road,1977,1915,62,Frank Lloyd Wright,42.01658291330,-87.66477530310,1977-09-28,"{'latitude': '42.0165829133', 'longitude': '-87.6647753031'}"
Field Building,L- 91,135 S LaSalle St,1994,1924,70,"Graham, Anderson, Probst & White",41.87976425340,-87.63154777220,1994-02-09,"{'latitude': '41.8797642534', 'longitude': '-87.6315477722'}"
Rookery Building,L-156,209 S LaSalle St,1972,1885,87,Burnham & Root,41.87907612990,-87.63179743370,1972-07-05,"{'latitude': '41.8790761299', 'longitude': '-87.6317974337'}"
Pulaski Park Fieldhouse,L-168,1419 W Blackhawk St,2003,1912,91,William Carbys Zimmerman,41.90648537060,-87.66328364910,2003-07-29,"{'latitude': '41.9064853706', 'longitude': '-87.6632836491'}"
"Engine Company 45, Truck 15",L-233,4600 S Cottage Grove Av,2003,1928,75,Argyle E. Robinson,41.81118499390,-87.60700240030,2003-10-01,"{'latitude': '41.8111849939', 'longitude': '-87.6070024003'}"
London Guarantee Building,L-134,360 N Michigan Av,1996,1922,74,Alfred S. Alschuler,41.88795570520,-87.62505785610,1996-04-16,"{'latitude': '41.8879557052', 'longitude': '-87.6250578561'}"
McGill House,L- 28,4938 S Drexel Blvd,2006,1891,115,Henry Ives Cobb,41.80486125920,-87.60479118730,2006-04-26,"{'latitude': '41.8048612592', 'longitude': '-87.6047911873'}"
Ludington Building,L-135,1104 S Wabash Av,1996,1891,105,William LeBaron Jenney,41.86900584890,-87.62635496800,1996-06-10,"{'latitude': '41.8690058489', 'longitude': '-87.626354968'}"
(Former) Schlitz BreweryTied-House@3456SWestern,L-307,3456 S. Western Ave.,2011,1899,112,Kley & Lang,41.83042248330,-87.68544494190,2011-07-06,"{'latitude': '41.8304224833', 'longitude': '-87.6854449419'}"
Second Presbyterian Church,L-182,1928-1936 S Michigan Av,1977,1874,103,James Renwick Recon:1900;Howard Van Doren Shaw,41.85572487950,-87.62435930540,1977-09-28,"{'latitude': '41.8557248795', 'longitude': '-87.6243593054'}"
(Former) Schlitz Brewery-Tied House,L-300,5120 N. Broadway,2011,1904,107,Charles Thisslew,41.97522510560,-87.66025836620,2011-05-04,"{'latitude': '41.9752251056', 'longitude': '-87.6602583662'}"
Lorado Taft's Midway Studios,L-192,6016 S Ingleside Dr,1993,1890,103,"Arch ?, recon:1929;O F Johnson Add:1964;E D Dart",41.78552640910,-87.60320520250,1993-12-01,"{'latitude': '41.7855264091', 'longitude': '-87.6032052025'}"
(Former) Sheridan Trust and Savings Bank Building,L-271,4753 N Broadway,2008,1924,84,"Marshall & Fox, Huszagh & Hill",41.96862254450,-87.65913012000,2008-10-08,"{'latitude': '41.9686225445', 'longitude': '-87.65913012'}"
Uptown Theater,L-202,4816 N Broadway,1991,1925,66,Rapp & Rapp,41.96952571200,-87.66019566770,1991-10-02,"{'latitude': '41.969525712', 'longitude': '-87.6601956677'}"
"Eighth Church of Christ, Scientist",L- 87,4359 S Michigan Av,1993,1911,82,Leon E. Stanhope,41.81498776870,-87.62250788340,1993-06-09,"{'latitude': '41.8149877687', 'longitude': '-87.6225078834'}"
Chicago Harbor Lighthouse,L- 19,"S End of the North Breakwater,N side of Harbor Ent",2003,1893,110,Unknown,41.88927336520,-87.59040946910,2003-04-09,"{'latitude': '41.8892733652', 'longitude': '-87.5904094691'}"
Chess Records Office and Studio,L- 66,2120 S Michigan Av,1990,1911,79,Horatio Wilson,41.85360644090,-87.62421989530,1990-05-16,"{'latitude': '41.8536064409', 'longitude': '-87.6242198953'}"
Isidore H. Heller House,L-111,5132 S Woodlawn Av,1971,1897,74,Frank Lloyd Wright,41.80140832150,-87.59711170090,1971-09-15,"{'latitude': '41.8014083215', 'longitude': '-87.5971117009'}"
St Ignatius College Prep Building,L-221,1076 W Roosevelt Rd,1987,1869,118,Toussaint Menard west add:1874;John P. Huber,41.86741856200,-87.65412204130,1987-03-18,"{'latitude': '41.867418562', 'longitude': '-87.6541220413'}"
Gauler Twin House,L-101,5921 N Magnolia Av,2000,1908,92,Walter Burley Griffin,41.98970697350,-87.66119343580,2000-06-28,"{'latitude': '41.9897069735', 'longitude': '-87.6611934358'}"
Museum of Science and Industry,L- 27,57th St and Lake Shore Dr,1995,1891,104,Charles B. Atwood,41.79054723380,-87.58287466170,1995-11-01,"{'latitude': '41.7905472338', 'longitude': '-87.5828746617'}"
Stephen A. Douglas Memorial,L- 84,35th St and Cottage Grove Av,1977,1881,96,Leonard W. Volk,41.83162805370,-87.60840331520,1977-09-28,"{'latitude': '41.8316280537', 'longitude': '-87.6084033152'}"
Site of the 1st Self-Sustain Cont. Nuclear Chain,L-184,East Side of S Ellis Ave between 56th & 57th St,1971,1942,29,"Commern. sculpture,""Nuclear Energy"" Henry Moore",41.79216212110,-87.60086989510,1971-10-27,"{'latitude': '41.7921621211', 'longitude': '-87.6008698951'}"
Fisher Building,L- 94,343 S Dearborn St,1978,1896,82,D.H. Burnham & Co. 1907:side add. Peter Weber,41.87719863540,-87.62899137760,1978-06-07,"{'latitude': '41.8771986354', 'longitude': '-87.6289913776'}"
Robert Lindblom Technical High Schoool building,L-296,6130 S. Wolcott Ave,2010,1917,93,Arthur F. Hussander,41.78209705840,-87.67216458010,2010-06-09,"{'latitude': '41.7820970584', 'longitude': '-87.6721645801'}"
Reliance Building,L-175,32 N State St,1975,1890,85,base:Burham & Root Upper Stor: D.H. Burnham and Co,41.88302855570,-87.62824150790,1975-07-11,"{'latitude': '41.8830285557', 'longitude': '-87.6282415079'}"
Charles D. Iglehart House,L-117,11118 S Artesian Av,1994,1857,137,Architect Unknown,41.69118327280,-87.68276848590,1994-07-13,"{'latitude': '41.6911832728', 'longitude': '-87.6827684859'}"
Engine Company 61,L-232,5349 S Wabash Av,2003,1927,76,Charles W. Kallal,41.79669781080,-87.62366077670,2003-10-01,"{'latitude': '41.7966978108', 'longitude': '-87.6236607767'}"
Pilgrim Baptist Church,L-166,3301 S Indiana Av,1981,1890,91,Adler & Sullivan,41.83446443490,-87.62148250600,1981-12-18,"{'latitude': '41.8344644349', 'longitude': '-87.621482506'}"
Kenwood United Church of Christ,L-311,4600-4608 South Greenwood Avenue,2011,1930,81,"William W. Boyington, Henry B. Wheelock,Chatten",41.81116725480,-87.59978106700,2011-10-05,"{'latitude': '41.8111672548', 'longitude': '-87.599781067'}"
West Town State Bank Building,L-209,2400 W Madison St,2003,1929,74,Mundie & Jensen,41.88143107230,-87.68673537590,2003-10-01,"{'latitude': '41.8814310723', 'longitude': '-87.6867353759'}"
Navy Pier (Headhouse and East End Building),L-150,Grand Av and Streeter Dr at Lake Michigan,1977,1916,61,Charles Summer Frost,41.89173525580,-87.60469642120,1977-11-14,"{'latitude': '41.8917352558', 'longitude': '-87.6046964212'}"
Carl Sandburg House,L- 34,4646 N Hermitage Av,2006,1886,120,Unknown,41.96657208150,-87.67298945670,2006-10-04,"{'latitude': '41.9665720815', 'longitude': '-87.6729894567'}"
63rd Street Bathing Pavilion,L-222,South Lake Shore Dr and 63rd St,2004,1919,85,South Park Commission Architects,41.78144143640,-87.57371254810,2004-12-08,"{'latitude': '41.7814414364', 'longitude': '-87.5737125481'}"
Bryan Lathrop House,L- 31,120 E Bellevue Pl,1973,1892,81,"McKim, Meade & White",41.90187971460,-87.62506376200,1973-05-09,"{'latitude': '41.9018797146', 'longitude': '-87.625063762'}"
Fisher Studio Houses,L- 80,1209 N State Pkwy,1996,1936,60,Andrew Rebori & Edgar Miller,41.90427606970,-87.62829419560,1996-07-31,"{'latitude': '41.9042760697', 'longitude': '-87.6282941956'}"
Courthouse Place,L- 77,54 W Hubbard St,1993,1893,100,Otto H. Matz,41.89027097980,-87.63013194490,1993-06-09,"{'latitude': '41.8902709798', 'longitude': '-87.6301319449'}"
Drake Fountain,L- 06,92nd St @ South Chicago & Exchange Ave,2004,1892,112,Richard Henry Park,41.72809409980,-87.55275866100,2004-03-10,"{'latitude': '41.7280940998', 'longitude': '-87.552758661'}"
Marquette Building,L-140,140 S Dearborn St,1975,1895,80,Holabird and Roche,41.87978697320,-87.62974011830,1975-06-09,"{'latitude': '41.8797869732', 'longitude': '-87.6297401183'}"
Powhatan Apartments,L- 24,4950 S Chicago Beach Dr,1993,1927,66,Robert DeGolyer & Charles Morgan,41.80460840450,-87.58447185190,1993-01-12,"{'latitude': '41.8046084045', 'longitude': '-87.5844718519'}"
Chicago Motor Club Building,L-315,69 E. Wacker Place,2012,1928,84,Holabird & Root,41.88703478530,-87.62542509230,2012-05-09,"{'latitude': '41.8870347853', 'longitude': '-87.6254250923'}"
Metropolitan Apostolic Community Church Building,L- 39,4100 S Dr Martin Luther King Jr Dr,2007,1890,117,John Turner Long.1913 mn sanc alt Charles S Frost,41.81999824470,-87.61752529820,2007-07-19,"{'latitude': '41.8199982447', 'longitude': '-87.6175252982'}"
Delaware Building,L- 95,36 W Randolph St,1983,1872,111,"Wheelock & Thomas,2 story add + atrium 1889 Huber",41.88468606800,-87.62919338200,1983-11-23,"{'latitude': '41.884686068', 'longitude': '-87.629193382'}"
Truevine Missionary Baptist Church Building,L- 37,6720 S Stewart Av,2007,1892,115,Holabird and Roche,41.77178450830,-87.63525635810,2007-02-07,"{'latitude': '41.7717845083', 'longitude': '-87.6352563581'}"
First Church of Deliverance,L- 78,4315 S Wabash Av,1994,1939,55,"Walter T. Bailey,1946 Add. Kocher,Buss & DeKlerk",41.81588260880,-87.62415888400,1994-10-05,"{'latitude': '41.8158826088', 'longitude': '-87.624158884'}"
Harris and Selwyn Theaters,L-108,180-90 N Dearborn st,1983,1922,61,C. Howard Crane & H Kenneth Franzheim,41.88505279440,-87.62987599730,1983-03-31,"{'latitude': '41.8850527944', 'longitude': '-87.6298759973'}"
Rockefeller Memorial Chapel,L-178,1156-80 E 59th St,2004,1925,79,Bertram Grosvenor Goodhue Associates,41.78852590920,-87.59704430720,2004-11-03,"{'latitude': '41.7885259092', 'longitude': '-87.5970443072'}"
John Jacob Walser House,L-204,42 N Central Av,1984,1903,81,Frank Llyod Wright,41.88152819610,-87.76537389900,1984-03-30,"{'latitude': '41.8815281961', 'longitude': '-87.765373899'}"
Charles Turzak House,L-199,7059 N Olcott Av,1992,1938,54,Bruce Goff,42.00956307850,-87.81325193580,1992-12-09,"{'latitude': '42.0095630785', 'longitude': '-87.8132519358'}"
Theurer-Wrigley House,L-194,2466 N Lakeview Av,1979,1896,83,Richard E. Schmidt,41.92755240150,-87.63953900640,1979-08-10,"{'latitude': '41.9275524015', 'longitude': '-87.6395390064'}"
Holy Trinity Orthodox Cathedral and Rectory,L-114,1121 N Leavitt St,1979,1903,76,Louis H. Sullivan,41.90194370290,-87.68178870880,1979-03-21,"{'latitude': '41.9019437029', 'longitude': '-87.6817887088'}"
(Former) Schlitz BreweryTied-House@2159 W.Belmont,L-305,2159 W. Belmont Ave.,2011,1903,108,Charles Thisslew,41.93925020170,-87.68303312980,2011-07-06,"{'latitude': '41.9392502017', 'longitude': '-87.6830331298'}"
South Side Community Art Center,L-190,3831 S Michigan Av,1994,1892,102,Gustav Hallburg remod:1940;Hin Bredendieck&Lerner,41.82458594830,-87.62264065730,1994-06-16,"{'latitude': '41.8245859483', 'longitude': '-87.6226406573'}"
Jackson-Thomas House,L-122,7053 N Ridge Blvd,1984,1874,110,Architect Unknown,42.01039242100,-87.68192947760,1984-10-16,"{'latitude': '42.010392421', 'longitude': '-87.6819294776'}"
American School of Correspondence,L- 46,850 E 58th St,1995,1907,88,Pond & Pond,41.78975392200,-87.60410362840,1995-04-15,"{'latitude': '41.789753922', 'longitude': '-87.6041036284'}"
Palmer House Hotel,L- 35,17 E Monroe St,2006,1925,81,Holabird & Roche,41.88030688660,-87.62695421770,2006-12-13,"{'latitude': '41.8803068866', 'longitude': '-87.6269542177'}"
"Engine Company 59, Truck 47",L-235,5714 N Ridge Av,2003,1928,75,Argyle E. Robinson,41.98572405950,-87.66403315120,2003-10-01,"{'latitude': '41.9857240595', 'longitude': '-87.6640331512'}"
Schoenhofen Brewery,L-179,18th St & Canalport (500W),1988,1886,102,Admin Bldg: Adolph Cudell,41.85805569050,-87.63973187740,1988-07-13,"{'latitude': '41.8580556905', 'longitude': '-87.6397318774'}"
Wheeler-Kohn House,L-210,2016-20 S Calumet Av,1998,1870,128,Otis L. Wheelock,41.85491184950,-87.61953359430,1998-02-05,"{'latitude': '41.8549118495', 'longitude': '-87.6195335943'}"
"Abraham Lincoln Monument (""Standing Lincoln"")",L-107,Lincoln Park at Dearborn Parkway,2001,1887,114,"A Saint-Gaudens,Sculptor & S White,Architect",41.91260405620,-87.63025541950,2001-12-12,"{'latitude': '41.9126040562', 'longitude': '-87.6302554195'}"
"Perkins, Fellows & Hamilton Office and Studio",L-165,814 N Michigan Av,1993,1917,76,"Perkins, Fellows & Hamilton",41.89723205070,-87.62507266760,1993-12-01,"{'latitude': '41.8972320507', 'longitude': '-87.6250726676'}"
Lorraine Hansberry House,L-291,6140 S. Rhodes Avenue,2010,1909,101,Albert G. Ferree,41.78273878850,-87.61242010460,2010-02-10,"{'latitude': '41.7827387885', 'longitude': '-87.6124201046'}"
Henry Gerber House,L-102,1710 N Crilly Court,2001,1885,116,Architect Unknown,41.91321332570,-87.63603058300,2001-06-06,"{'latitude': '41.9132133257', 'longitude': '-87.636030583'}"
Union Stock Yard Gate,L-201,Exchange Av (4150S) at Peoria St (900W),1972,1875,97,Burnham and Root,41.81862876490,-87.64868075290,1972-02-24,"{'latitude': '41.8186287649', 'longitude': '-87.6486807529'}"
Kenna Apartments,L-127,2214 E 69th St,1990,1916,74,Barry Byrne,41.77010031150,-87.57079824330,1990-09-12,"{'latitude': '41.7701003115', 'longitude': '-87.5707982433'}"
Gauler Twin House,L-100,5917 N Magnolia Av,2000,1908,92,Walter Burley Griffin,41.98961170100,-87.66119005390,2000-06-28,"{'latitude': '41.989611701', 'longitude': '-87.6611900539'}"
Henry V. Peters House,L- 09,4731 N Knox Ave,2004,1906,98,Walter Burley Griffin,41.96721992640,-87.74366993500,2004-05-05,"{'latitude': '41.9672199264', 'longitude': '-87.743669935'}"
Daley Center,L- 78,50 West Washington St,2002,1965,37,"C.F. Murphy Associates, Sculptor:Pablo Picasso",41.88384711560,-87.63018306970,2002-11-06,"{'latitude': '41.8838471156', 'longitude': '-87.6301830697'}"
Abraham Groesbeck House,L-106,1304 W  Washington Blvd,1993,1869,124,Otis L. Wheelock,41.88329082470,-87.66004766390,1993-01-12,"{'latitude': '41.8832908247', 'longitude': '-87.6600476639'}"
George Cleveland Hall Branch Library,L-288,4801 S. Michigan Avenue,2010,1931,79,Charles Hodgdon,41.80711009000,-87.62230101970,2010-02-10,"{'latitude': '41.80711009', 'longitude': '-87.6223010197'}"
Hazelton-Mikota House,L-110,5453 N Forest Glen Av,2005,1881,124,Architect Unknown,41.98103936230,-87.75387856350,2005-07-27,"{'latitude': '41.9810393623', 'longitude': '-87.7538785635'}"
Holden Block,L-301,1027 W. Madison St.,2011,1872,139,Stephen Vaughn Shipman,41.88140272950,-87.65325227230,2011-05-04,"{'latitude': '41.8814027295', 'longitude': '-87.6532522723'}"
Harriet F. Rees House,L-316,2110 S. Prairie Ave.,2012,1888,124,Cobb & Frost,41.85392212500,-87.62113487790,2012-03-14,"{'latitude': '41.853922125', 'longitude': '-87.6211348779'}"
Ransom R Cable House,L- 38,25 E Erie St,2007,1886,121,Cobb & Frost,41.89388015980,-87.62716598700,2007-04-11,"{'latitude': '41.8938801598', 'longitude': '-87.627165987'}"
Mather Tower,L-142,75 E Wacker Dr,2001,1928,73,Herbert Hugh Riddle,41.88760597760,-87.62542720140,2001-03-07,"{'latitude': '41.8876059776', 'longitude': '-87.6254272014'}"
One North LaSalle Building,L-160,1 N LaSalle St,1996,1929,67,K.M. Vizthum & Co with John Burns,41.88231360510,-87.63200593550,1996-04-16,"{'latitude': '41.8823136051', 'longitude': '-87.6320059355'}"
Allan Miller House,L-147,7121 S Paxton Av,1993,1915,78,John S Van Bergan,41.76547230180,-87.57101082020,1993-12-01,"{'latitude': '41.7654723018', 'longitude': '-87.5710108202'}"
Canaan Baptist Church of Christ Building,L- 61,6657-59 S Harvard Av,2006,1904,102,Solon S. Beman,41.77296259190,-87.63278110670,2006-07-26,"{'latitude': '41.7729625919', 'longitude': '-87.6327811067'}"
Oliver Building,L-158,159 N Dearborn St,1984,1907,77,Top Addit 1920;Holabird & Roche,41.88493929480,-87.62925372030,1984-05-09,"{'latitude': '41.8849392948', 'longitude': '-87.6292537203'}"
Jessie and William Adams House,L- 42,9326 S Pleasant Av,1994,1901,93,Frank Lloyd Wright,41.72399694880,-87.67019014720,1994-06-16,"{'latitude': '41.7239969488', 'longitude': '-87.6701901472'}"
Waller Apartments,L-203,2840-58 W Walnut St,1994,1895,99,Frank Llyod Wright,41.88563166880,-87.69836233470,1994-03-02,"{'latitude': '41.8856316688', 'longitude': '-87.6983623347'}"
Fine Arts Building,L- 92,410 S Michigan Av,1978,1885,93,add & remod. 1898 Solon S. Beman,41.87646842990,-87.62484617300,1978-06-07,"{'latitude': '41.8764684299', 'longitude': '-87.624846173'}"
(Former) Schlitz BreweryTied-House@3159NSouthport,L-306,3159 N. Southport Ave.,2011,1903,108,Frommann and Jebsen,41.93964771290,-87.66345089800,2011-07-06,"{'latitude': '41.9396477129', 'longitude': '-87.663450898'}"
Yondorf Block and Hall,L-216,758 W North Av,2001,1887,114,Frederick Ahlschlager,41.91119341570,-87.64786907790,2001-07-25,"{'latitude': '41.9111934157', 'longitude': '-87.6478690779'}"
Indian Boundary Park Fieldhouse,L-120,2500 W Lunt Av,2005,1929,76,Clarence Hatzfeld,42.00887610440,-87.69259933150,2005-05-11,"{'latitude': '42.0088761044', 'longitude': '-87.6925993315'}"
R.R. Donnelley & Sons Co. Calumet Plant,L- 08,350 E Cermak Rd,2004,1912,92,Howard Van Doren Shaw,41.85368037500,-87.61828780930,2004-03-31,"{'latitude': '41.853680375', 'longitude': '-87.6182878093'}"
Wendell Phillips High School,L- 22,244 E Pershing Rd,2003,1904,99,William Bryce Mundie,41.82475145430,-87.61980653440,2003-05-07,"{'latitude': '41.8247514543', 'longitude': '-87.6198065344'}"
Chicago & North Western Railway Powerhouse,L- 16,211 N Clinton St,2006,1909,97,Frost & Granger,41.88618881540,-87.64090956540,2006-01-11,"{'latitude': '41.8861888154', 'longitude': '-87.6409095654'}"
Shoreland Hotel,L-295,5454 South Shore Drive,2010,1925,85,Meyer Fridstein,41.79618792060,-87.58146142190,2010-09-08,"{'latitude': '41.7961879206', 'longitude': '-87.5814614219'}"
Page Brothers Building,L- 40,177-191 N State St,1983,1872,111,"John M. Van Osdel,1902 State St facade:Hill",41.88548876220,-87.62758983190,1983-01-28,"{'latitude': '41.8854887622', 'longitude': '-87.6275898319'}"
Henry B Clarke House,L- 74,1855 S Indiana Av,1970,1836,134,Unknown,41.85706685460,-87.62187158570,1970-10-14,"{'latitude': '41.8570668546', 'longitude': '-87.6218715857'}"
Blackstone Hotel,L- 18,636 S Michigan Ave,1998,1910,88,Marshall & Fox,41.87335142220,-87.62477543920,1998-04-29,"{'latitude': '41.8733514222', 'longitude': '-87.6247754392'}"
Carbide and Carbon Building,L- 62,230 N Michigan Av,1996,1929,67,"Burnham Brothers, Inc.",41.88652361430,-87.62499482360,1996-05-09,"{'latitude': '41.8865236143', 'longitude': '-87.6249948236'}"
All Saints Church and Rectory,L- 44,4550 N Hermitage Av,1982,1883,99,John C. Cochrane,41.96494522890,-87.67294861600,1982-12-27,"{'latitude': '41.9649452289', 'longitude': '-87.672948616'}"
Old Dearborn Bank Building,L-157,203 N Wabash Av,2003,1928,75,C.W. & George L. Rapp,41.88605726540,-87.62601965210,2003-06-04,"{'latitude': '41.8860572654', 'longitude': '-87.6260196521'}"
On Leong Merchants Association,L-159,2216 S Wentworth Av,1993,1926,67,Michealsen & Rognstad,41.85237350100,-87.63231507390,1993-12-01,"{'latitude': '41.852373501', 'longitude': '-87.6323150739'}"
Jewelers  Building,L-123,15-17 S Wabash Av,1981,1881,100,Dankmar Adler with Louis H. Sullivan,41.88161746910,-87.62566716870,1981-12-08,"{'latitude': '41.8816174691', 'longitude': '-87.6256671687'}"
Former Chicago Historical Society Building,L- 96,632 N Dearborn St,1997,1892,105,Henry Ives Cobb,41.89349504420,-87.63006344200,1997-02-26,"{'latitude': '41.8934950442', 'longitude': '-87.630063442'}"
Dr. Wallace C. Abbott House,L- 17,4605 N Hermitage Ave,2006,1891,115,Dahlgren & Lievendahl - rear addit 1906 - unknown,41.96542986920,-87.67206060110,2006-03-01,"{'latitude': '41.9654298692', 'longitude': '-87.6720606011'}"
Lake-Franklin Group,L-131,227-35 W Lake St & 173-91 N Franklin St,1977,1872,105,"Burling & Adler, George Edbrooke. Addit 1896:Adler",41.88536888680,-87.63510253380,1977-02-26,"{'latitude': '41.8853688868', 'longitude': '-87.6351025338'}"
Heyworth Building,L-112,29 E Madison st,2000,1904,96,D.H. Burnham & Co.,41.88185955880,-87.62668738450,2000-09-27,"{'latitude': '41.8818595588', 'longitude': '-87.6266873845'}"
Thalia Hall,L-193,1215-25 W 18th St,1989,1892,97,Faber & Pagels,41.85771018220,-87.65729385520,1989-10-25,"{'latitude': '41.8577101822', 'longitude': '-87.6572938552'}"
Palmolive Building,L-161,919 N Michigan Av,2000,1927,73,Holabird & Root,41.89977946200,-87.62350152100,2000-02-16,"{'latitude': '41.899779462', 'longitude': '-87.623501521'}"
LaSalle Street Cable Car Powerhouse,L-133,500 N LaSalle St,2001,1887,114,North Chicago Street Railroad Co.,41.89103913330,-87.63296225660,2001-06-27,"{'latitude': '41.8910391333', 'longitude': '-87.6329622566'}"
Quinn Chapel,L-169,2401 S Wabash Av,1977,1892,85,Henry F. Starbuck,41.84907304410,-87.62507640520,1977-08-31,"{'latitude': '41.8490730441', 'longitude': '-87.6250764052'}"
Peoples Gas-South Chicago Neighborhood Store,L-164,8935 S Commercial Av,1996,1925,71,George Grant Elmslie & Herman V. von Holst,41.73264845090,-87.55092054680,1996-04-16,"{'latitude': '41.7326484509', 'longitude': '-87.5509205468'}"
(Former) Schlitz BreweryTied-House@1944 N.Oakley,L-310,1944 N. Oakley Ave.,2011,1898,113,Kley  & Lang,41.91748423900,-87.68525569570,2011-10-05,"{'latitude': '41.917484239', 'longitude': '-87.6852556957'}"
Getty Tomb,L-103,"Graceland Cemetery, 4011 N Clark St",1971,1890,81,Louis H. Sullivan,41.96123007490,-87.66118862080,1971-03-10,"{'latitude': '41.9612300749', 'longitude': '-87.6611886208'}"
"Engine Company 129, Truck 50",L-236,8120 S Ashland Av,2003,1928,75,Argyle E. Robinson,41.74600513300,-87.66370577170,2003-10-01,"{'latitude': '41.746005133', 'longitude': '-87.6637057717'}"
James Charnley House,L- 65,1365 N Astor st,1972,1891,81,"Adler and Sullivan, Frank Lloyd Wright",41.90764801710,-87.62747782300,1972-08-20,"{'latitude': '41.9076480171', 'longitude': '-87.627477823'}"
Beeson House and Coach House,L-224,5810 W Midway Park,1999,1892,107,Frederick Schock,41.88931788920,-87.77060810720,1999-01-20,"{'latitude': '41.8893178892', 'longitude': '-87.7706081072'}"
